variant,pos,gene,genotype,eaf,b,se
rs1000940,17:5379957-5379957,RABEP1(N),G,0.32,0.019,0.003
rs10132280,14:25458973-25458973,STXBP6(N),C,0.682,0.023,0.003
rs1016287,2:59078490-59078490,LINC01122(N),T,0.287,0.023,0.003
rs10182181,2:24927427-24927427,"ADCY3(B,M,N,Q); POMC(B,G);",G,0.462,0.031,0.003
rs10733682,9:126698635-126698635,"LMX1B(B,N)",A,0.478,0.017,0.003
rs10938397,4:45180510-45180510,GNPDA2(N); GABRG1(B),G,0.434,0.04,0.003
rs10968576,9:28414341-28414341,"LINGO2(D,N)",G,0.32,0.025,0.003
rs11030104,11:27662970-27662970,"BDAF(B,M,N)",A,0.792,0.041,0.004
rs11057405,12:122297350-122297350,CLIP1(N),G,0.901,0.031,0.006
rs11126666,2:26705943-26705943,"KCNK3(D,N)",A,0.283,0.021,0.003
rs11165643,1:96458541-96458541,"PTBP2(D,N)",T,0.583,0.022,0.003
rs11191560,10:103109281-103109281,NT5C2(N); CYP17A1(B); SFXN2(Q),C,0.089,0.031,0.005
rs11583200,1:50094148-50094148,"ELAVL4(B,D,N,Q)",C,0.396,0.018,0.003
rs1167827,7:75533848-75533848,"HIP1(B,N); PMS2L3(B,Q); PMS2P5(Q); WBSCR16(Q)",G,0.553,0.02,0.003
rs11688816,2:62825913-62825913,"EHBP1(B,N)",G,0.525,0.017,0.003
rs11727676,4:144737912-144737912,"HHIP(B,N)",T,0.91,0.036,0.006
rs11847697,14:30045906-30045906,PRKD1(N),T,0.042,0.049,0.008
rs12286929,11:115151684-115151684,CADM1(N),G,0.523,0.022,0.003
rs12401738,1:77981077-77981077,FUBP1(N); USP33(D),A,0.352,0.021,0.003
rs12429545,13:53528071-53528071,"OLFM4(B,N)",A,0.133,0.033,0.005
rs12446632,16:19924067-19924067,"GPRC5B(C,N); IQCK(Q)",G,0.865,0.04,0.005
rs12566985,1:74536509-74536509,FPGT-TNNI3K(N),G,0.446,0.024,0.003
rs12885454,14:29267632-29267632,PRKD1(N),C,0.642,0.021,0.003
rs12940622,17:80641771-80641771,"RPTOR(B,N)",G,0.575,0.018,0.003
rs13021737,2:632348-632348,TMEM18(N),G,0.828,0.06,0.004
rs13078960,3:85758440-85758440,"CADM2(D,N)",G,0.196,0.03,0.004
rs13107325,4:102267552-102267552,"SLC39A8(M,N,Q)",T,0.072,0.048,0.007
rs13191362,6:162612318-162612318,"PARK2(B,D,N)",A,0.879,0.028,0.005
rs13201877,6:137354404-137354404,IFNGR1(N); OLIG3(G),G,0.14,0.024,0.004
rs1441264,13:79006784-79006784,MIR548A2(N),A,0.613,0.017,0.003
rs1460676,2:163711179-163711179,FIGN(N),C,0.179,0.021,0.004
rs1516725,3:186106215-186106215,E7V5(N),C,0.872,0.045,0.005
rs1528435,2:180686235-180686235,UBE2E3(N),T,0.631,0.018,0.003
rs1558902,16:53769662-53769662,"FTO(B,N)",A,0.415,0.082,0.003
rs16851483,3:141556594-141556594,RASA2(N),T,0.066,0.048,0.008
rs16907751,8:80463222-80463222,ZBTB10(N),C,0.913,0.047,0.009
rs16951275,15:67784830-67784830,"M4P2K5(B,D,N); LBXCOR1(M)",T,0.784,0.031,0.004
rs17001654,4:76208415-76208415,"NUP54(M); SCARB2(Q,N)",G,0.153,0.031,0.005
rs17024393,1:109612066-109612066,GNAT2(N); AMPD2(D),C,0.04,0.066,0.009
rs17094222,10:100635683-100635683,HIF1AN(N),C,0.211,0.025,0.004
rs17203016,2:207390794-207390794,"CREB1(B,N); KLF7(B)",G,0.195,0.021,0.004
rs17405819,8:75894349-75894349,"HNF4G(B,N)",T,0.7,0.022,0.003
rs17724992,19:18344015-18344015,"GDF15(B); PGPEP1(Q,N)",A,0.746,0.019,0.004
rs1808579,18:23524924-23524924,"NPC1(B,G,M,Q); C18orf8(N,Q)",C,0.534,0.017,0.003
rs1928295,9:117616205-117616205,"TLR4(B,N)",T,0.548,0.019,0.003
rs2033529,6:40380914-40380914,TDRG1(N); LRFN2(D),G,0.293,0.019,0.003
rs2033732,8:84167474-84167474,"RALYL(D,N)",C,0.747,0.019,0.004
rs205262,6:34595387-34595387,C6orf106(N); SNRPC(Q),G,0.273,0.022,0.004
rs2075650,19:44892362-44892362,"TOMM40(B,N); APOE(B); APOC1(B)",A,0.848,0.026,0.005
rs2080454,16:49028679-49028679,CBLN1(N),C,0.413,0.017,0.003
rs2112347,5:75719417-75719417,POC5(M); HMGCR(B); COL4A3BP(B),T,0.629,0.026,0.003
rs2121279,2:142285716-142285716,LRP1B(N),T,0.152,0.025,0.004
rs2176040,2:226228086-226228086,"LOC646736(N); IRS1(B,Q)",A,0.365,0.024,0.004
rs2176598,11:43842728-43842728,"HSD17B12(B,M,N)",T,0.251,0.02,0.004
rs2207139,6:50877777-50877777,"TFAP2B(B,N)",G,0.177,0.045,0.004
rs2245368,7:76978826-76978826,PMS2L11(N),C,0.18,0.032,0.006
rs2287019,19:45698914-45698914,"QPCTL(N); GIPR(B,M)",C,0.804,0.036,0.004
rs2365389,3:61250788-61250788,FHIT(N),C,0.582,0.02,0.003
rs2650492,16:28322090-28322090,"SBK1(D,N); APOBR(B)",A,0.303,0.021,0.004
rs2820292,1:201815159-201815159,NAV1(N),C,0.555,0.02,0.003
rs2836754,21:38919816-38919816,ETS2(N),C,0.599,0.017,0.003
rs29941,19:33818627-33818627,KCTD15(N),G,0.669,0.018,0.003
rs3101336,1:72285502-72285502,"NEGR1(B,C,D,N)",C,0.613,0.033,0.003
rs3736485,15:51456413-51456413,"SCG3(B,D); DMXL2(M,N)",A,0.454,0.018,0.003
rs3810291,19:47065746-47065746,"ZC3H4(D,N,Q)",A,0.666,0.028,0.004
rs3817334,11:47629441-47629441,"MTCH2(M,Q); C1QTNF4(Q,I); SPI1(Q);",T,0.407,0.026,0.003
rs3849570,3:81742961-81742961,"GBE1(B,M,N)",A,0.359,0.019,0.003
rs3888190,16:28878165-28878165,"ATXN2L(Q); SBK1(Q,D); SULT1A2(Q);",A,0.403,0.031,0.003
rs4256980,11:8652392-8652392,"TRIM66(D,M,N); TUB(B)",G,0.646,0.021,0.003
rs4740619,9:15634328-15634328,"C9orf93(C,M,N)",T,0.542,0.018,0.003
rs4787491,16:30004016-30004016,MAPK3(D); KCTD13(D); INO80E(N); TAOK2(D); YPEL3(D); DOC2A(D); FAM57B(D),G,0.51,0.022,0.004
rs492400,2:218485029-218485029,"PLCD4(B,Q); CYP27A1(B); USP37(N); TTLL4(M,Q); STK36(B,M); ZNF142(M); RQCD1(Q)",C,0.424,0.024,0.004
rs543874,1:177920345-177920345,SEC16B(N),G,0.193,0.048,0.004
rs6091540,20:52471323-52471323,ZFP64(N),C,0.721,0.03,0.004
rs6465468,7:95540202-95540202,"ASB4(B,N)",T,0.306,0.025,0.005
rs6477694,9:109170062-109170062,EPB41L4B(N); C9orf4(D),C,0.365,0.017,0.003
rs6567160,18:60161902-60161902,"MC4R(B,N)",C,0.236,0.056,0.004
rs657452,1:49124175-49124175,AGBL4(N),A,0.394,0.023,0.003
rs6804842,3:25064946-25064946,RARB(B),G,0.575,0.019,0.003
rs7138803,12:49853685-49853685,BCDIN3D(N); FAIM2(D),A,0.384,0.032,0.003
rs7141420,14:79433111-79433111,"NRXN3(D,N)",T,0.527,0.024,0.003
rs7164727,15:72801650-72801650,"LOC100287559(N); BBS4(B,M,Q)",T,0.671,0.019,0.003
rs7239883,18:42567706-42567706,"LOC284260(N); RIT2(B,D)",G,0.391,0.023,0.004
rs7243357,18:59216087-59216087,"GRP(B,G,N)",T,0.812,0.022,0.004
rs758747,16:3577357-3577357,NLRC3(N),T,0.265,0.023,0.004
rs7599312,2:212548507-212548507,"ERBB4(D,N)",G,0.724,0.022,0.003
rs7715256,5:154158333-154158333,GALNT10(N),G,0.422,0.017,0.003
rs7899106,10:85651147-85651147,"GRID1(B,N)",G,0.052,0.04,0.007
rs7903146,10:112998590-112998590,"TCF7L2(B,N)",C,0.713,0.023,0.003
rs9374842,6:119864519-119864519,LOC285762(N);,T,0.744,0.023,0.004
rs9400239,6:108656460-108656460,"FOXO3(B,N); HSS00296402(Q)",C,0.688,0.019,0.003
rs9540493,13:65631572-65631572,MIR548X2(N); PCDH9(D),A,0.452,0.021,0.004
rs9581854,13:27443645-27443645,MTIF3(N); GTF3A(Q),T,0.203,0.03,0.005
rs9641123,7:93568420-93568420,"CALCR(B,N); hsa-miR-653(Q)",C,0.43,0.029,0.005
rs977747,1:47219005-47219005,TAL1(N),T,0.403,0.017,0.003
rs9914578,17:2101842-2101842,"SMG6(D,N); N29617(Q)",G,0.229,0.02,0.004
rs9925964,16:31118574-31118574,"KAT8(N);ZNF646(M,Q); VKORC1(Q); ZNF668(Q); STX1B(D); FBXL19(D)",A,0.62,0.019,0.003